{
	"IcoMoonType": "selection",
	"icons": [
		{
			"icon": {
				"paths": [
					"M0 384l383.75 383.75 383.75-383.75h-767.5z"
				],
				"attrs": [
					{}
				],
				"width": 767,
				"tags": [
					"triangle-down"
				],
				"grid": 16
			},
			"attrs": [
				{}
			],
			"properties": {
				"order": 4,
				"id": 1,
				"prevSize": 32,
				"code": 58880,
				"name": "flecha-abajo"
			},
			"setIdx": 0,
			"iconIdx": 0
		},
		{
			"icon": {
				"paths": [
					"M383.75 256l-383.75 383.75h767.5l-383.75-383.75z"
				],
				"attrs": [
					{}
				],
				"width": 767,
				"tags": [
					"triangle-up"
				],
				"grid": 16
			},
			"attrs": [
				{}
			],
			"properties": {
				"order": 3,
				"id": 0,
				"prevSize": 32,
				"code": 58881,
				"name": "flecha-arriba"
			},
			"setIdx": 0,
			"iconIdx": 1
		},
		{
			"icon": {
				"paths": [
					"M1018.17 291.89l-286.058-286.058c-9.334-9.334-21.644-7.234-27.356 4.666l-38.354 79.904 267.198 267.198 79.904-38.354c11.9-5.712 14-18.022 4.666-27.356z",
					"M615.384 135.384l-263.384 21.95c-17.5 2.166-32.080 5.898-37.090 28.752-0.006 0.024-0.012 0.042-0.018 0.066-71.422 343.070-314.892 677.848-314.892 677.848l57.374 57.374 271.986-271.99c-5.996-12.53-9.36-26.564-9.36-41.384 0-53.020 42.98-96 96-96s96 42.98 96 96-42.98 96-96 96c-14.82 0-28.852-3.364-41.384-9.36l-271.988 271.986 57.372 57.374c0 0 334.778-243.47 677.848-314.892 0.024-0.006 0.042-0.012 0.066-0.018 22.854-5.010 26.586-19.59 28.752-37.090l21.95-263.384-273.232-273.232z"
				],
				"attrs": [],
				"tags": [
					"pen",
					"write",
					"edit"
				],
				"defaultCode": 57367,
				"grid": 16
			},
			"attrs": [],
			"properties": {
				"id": 74,
				"order": 2,
				"prevSize": 32,
				"code": 59656,
				"ligatures": "pen, write3",
				"name": "pluma"
			},
			"setIdx": 1,
			"iconIdx": 8
		},
		{
			"icon": {
				"paths": [
					"M1024 397.050l-353.78-51.408-158.22-320.582-158.216 320.582-353.784 51.408 256 249.538-60.432 352.352 316.432-166.358 316.432 166.358-60.434-352.352 256.002-249.538z"
				],
				"attrs": [],
				"tags": [
					"star-full",
					"rate",
					"star",
					"favorite",
					"bookmark"
				],
				"defaultCode": 58113,
				"grid": 16
			},
			"attrs": [],
			"properties": {
				"id": 865,
				"order": 1,
				"prevSize": 32,
				"code": 59865,
				"ligatures": "star-full, rate3",
				"name": "estrella"
			},
			"setIdx": 1,
			"iconIdx": 217
		}
	],
	"height": 1024,
	"metadata": {
		"name": "Puls4"
	},
	"preferences": {
		"showGlyphs": true,
		"showQuickUse": true,
		"showQuickUse2": true,
		"showSVGs": true,
		"fontPref": {
			"prefix": "icon-",
			"metadata": {
				"fontFamily": "Puls4",
				"majorVersion": 1,
				"minorVersion": 0
			},
			"metrics": {
				"emSize": 1024,
				"baseline": 6.25,
				"whitespace": 50
			}
		},
		"imagePref": {
			"prefix": "icon-",
			"png": true,
			"useClassSelector": true,
			"color": 4473924,
			"bgColor": 16777215
		},
		"historySize": 100,
		"showCodes": true
	}
}